"DISTRICT_ID","DISTRICT_NAME","PROVINCE_ID"
111,"HUYỆN TUY ĐỨC",9
112,"THỊ XÃ GIA NGHĨA",9
113,"HUYỆN CƯ JÚT",9
114,"HUYỆN KRÔNG NÔ",9
115,"HUYỆN ĐẮK SONG",9
116,"HUYỆN ĐẮK MIL",9
117,"HUYỆN ĐẮK RLẤP",9
118,"HUYÊN YÊN LẠC",10
119,"HUYỆN TAM DƯƠNG",10
120,"HUYỆN BÌNH XUYÊN",10
121,"HUYỆN SÔNG LÔ",10
122,"THỊ XÃ PHÚC YÊN",10
123,"THÀNH PHỐ VĨNH YÊN",10
124,"HUỴÊN TAM ĐẢO",10
125,"HUYỆN VĨNH TƯỜNG",10
126,"HUYỆN LẬP THẠCH",10
127,"HUYỆN LƯƠNG TÀI",11
128,"THÀNH PHỐ BẮC NINH",11
129,"HUYỆN GIA BÌNH",11
130,"HUYỆN THUẬN THÀNH",11
131,"HUYỆN QUẾ VÕ",11
132,"HUYỆN YÊN PHONG",11
133,"HUYỆN TIÊN DU",11
134,"HUYỆN TỪ SƠN",11
135,"TP HẢI DƯƠNG",12
136,"HUYỆN NINH GIANG",12
137,"HUYỆN TỨ KỲ",12
138,"HUYỆN THANH HÀ ",12
139,"HUYỆN CẨM GIÀNG",12
140,"HUYỆN THANH MIỆN",12
141,"HUYỆN NAM SÁCH",12
142,"HUYỆN KINH MÔN",12
143,"HUYỆN CHÍ LINH",12
144,"HUYỆN BÌNH GIANG",12
145,"HUYỆN GIA LỘC",12
146,"HUYỆN KIM THÀNH ",12
147,"HUYỆN PHÙ CỪ",13
148,"HUYỆN VĂN LÂM",13
149,"HUYỆN KHOÁI CHÂU",13
150,"HUYỆN ÂN THI",13
151,"HUYỆN VĂN GIANG",13
152,"HUYỆN MỸ HÀO",13
153,"HUYỆN KIM ĐỘNG",13
154,"HUYỆN TIÊN LỮ ",13
155,"HUYỆN YÊN MỸ",13
156,"THỊ XÃ HƯNG YÊN",13
157,"HUYỆN DUY TIÊN",14
158,"HUYỆN KIM BẢNG",14
159,"HUYỆN LÝ NHÂN",14
160,"THỊ XÃ PHỦ LÝ",14
161,"HUYỆN THANH LIÊM",14
162,"HUYỆN BÌNH LỤC",14
163,"HUYỆN NAM TRỰC",15
164,"HUYỆN TRỰC NINH",15
165,"HUYỆN MỸ LỘC",15
166,"HUYỆN GIAO THỦY",15
167,"HUYỆN NGHĨA HƯNG",15
168,"THÀNH PHỐ NAM ĐỊNH",15
169,"HUYỆN HẢI HẬU",15
170,"HUYỆN VỤ BẢN",15
171,"HUYỆN XUÂN TRƯỜNG",15
172,"HUYỆN Ý YÊN",15
173,"HUYỆN THÁI THỤY",16
174,"HUYỆN VŨ THƯ",16
175,"HUYỆN QUỲNH PHỤ",16
176,"HUYỆN HƯNG HÀ",16
177,"HUYỆN QUỲNH CÔI",16
178,"THÀNH PHỐ THÁI BÌNH",16
179,"HUYỆN ĐÔNG HƯNG",16
180,"HUYỆN TIỀN HẢI",16
181,"HUYỆN KIẾN XƯƠNG",16
182,"THÀNH PHỐ NINH BÌNH",17
183,"HUYỆN KIM SƠN",17
184,"HUYỆN NHO QUAN",17
185,"HUYỆN GIA VIỄN",17
186,"HUYỆN YÊN MÔ",17
187,"HUYỆN YÊN KHÁNH",17
188,"HUYỆN HOA LƯ",17
189,"THỊ XÃ TAM ĐIỆP",17
190,"HUYỆN HOÀNG SU PHÌ",18
191,"HUYỆN QUẢN BẠ",18
192,"HUYỆN VỊ XUYÊN",18
193,"HUYỆN BẮC MÊ",18
194,"HUYỆN XÍN MẦN",18
195,"HUYỆN BẮC QUANG",18
196,"THỊ XÃ HÀ GIANG",18
197,"HUYỆN ĐỒNG VĂN",18
198,"HUYỆN YÊN MINH",18
199,"HUYỆN MÈO VẠC",18
200,"HUYỆN QUANG BÌNH",18
201,"HUYỆN THẠCH AN",19
202,"HUYỆN HẠ LANG",19
203,"HUYỆN NGUYÊN BÌNH",19
204,"HUYỆN BẢO LẠC",19
205,"HUYỆN PHỤC HÒA",19
206,"HUYỆN TRÙNG KHÁNH",19
207,"HUYỆN THÔNG NÔNG",19
208,"HUYỆN BẢO LÂM",19
209,"THỊ XÃ CAO BẰNG",19
210,"HUYỆN HÀ QUẢNG",19
211,"HUYỆN TRÀ LĨNH",19
212,"HUYỆN HÒA AN",19
213,"HUYỆN QUẢNG UYÊN",19
214,"THÀNH PHỐ LÀO CAI",20
215,"HUYỆN SA PA",20
216,"HUYỆN MƯỜNG KHƯƠNG",20
217,"HUYỆN BÁT XÁT",20
218,"HUYỆN VĂN BÀN",20
432,"HUYỆN TIÊN PHƯỚC",38
433,"HUYỆN ĐIỆN BÀN",38
434,"HUYỆN QUẾ SƠN",38
435,"HUYỆN NÔNG SƠN",38
436,"HUYỆN NÚI THÀNH",38
437,"THÀNH PHỐ HỘI AN",38
438,"HUYỆN NAM TRÀ MY",38
439,"HUYỆN HIỆP ĐỨC",38
440,"HUYỆN DUY XUYÊN",38
441,"HUYỆN NGHĨA HÀNH",39
442,"HUYỆN TƯ NGHĨA",39
443,"HUYỆN MINH LONG",39
444,"HUYỆN BÌNH SƠN",39
445,"THÀNH PHỐ QUẢNG NGÃI",39
446,"HUYỆN MỘ ĐỨC",39
447,"HUYỆN TRÀ BỒNG",39
448,"HUYỆN TÂY TRÀ",39
449,"HUYỆN LÝ SƠN",39
450,"HUYỆN SƠN HÀ",39
451,"HUYỆN ĐỨC PHỔ",39
452,"HUYỆN SƠN TỊNH",39
453,"HUYỆN BA TƠ",39
454,"HUYỆN SƠN TÂY",39
455,"HUYÊN TÂY SƠN",40
456,"HUYỆN HOÀI ÂN",40
457,"HUYỆN VÂN CANH",40
458,"HUYỆN AN NHƠN",40
459,"HUYỆN HOÀI NHƠN",40
460,"HUYỆN AN LÃO",40
461,"HUYỆN VĨNH THẠNH",40
462,"HUYỆN TUY PHƯỚC",40
463,"HUYỆN PHÙ MỸ",40
464,"THÀNH PHỐ QUY NHƠN",40
465,"HUYỆN PHÙ CÁT",40
466,"THỊ XÃ SÔNG CẦU",41
467,"HUYỆN TUY AN",41
468,"HUYỆN TÂY HÒA",41
469,"HUYỆN ĐÔNG HÒA",41
470,"THÀNH PHỐ TUY HÒA",41
471,"HUYỆN ĐỒNG XUÂN",41
472,"HUYỆN PHÚ HÒA",41
473,"HUYỆN SƠN HÒA",41
474,"HUYỆN SÔNG HINH",41
475,"THÀNH PHỐ NHA TRANG",42
476,"HUYỆN NINH HÒA",42
477,"HUYỆN KHÁNH SƠN",42
478,"THÀNH PHỐ CAM RANH",42
479,"HUYỆN DIÊN KHÁNH",42
480,"HUYỆN KHÁNH VĨNH",42
481,"HUYỆN TRƯỜNG SA",42
482,"HUYỆN CAM LÂM",42
483,"HUYỆN VẠN NINH",42
484,"HUYỆN ĐẮK HÀ",43
485,"HUYỆN SA THẦY",43
486,"HUYỆN TU MƠ RÔNG",43
487,"HUYỆN KON PLÔNG",43
488,"THÀNH PHỐ KON TUM",43
489,"HUYỆN ĐẮK TÔ",43
490,"HUYỆN NGỌC HỒI",43
491,"HUYỆN KON RẪY",43
492,"HUYỆN ĐẮK GLEI",43
493,"HUYỆN IA H'DRAI",43
494,"HUYỆN CHƯ PRÔNG",44
495,"HUYỆN KRÔNG PA",44
496,"HUYỆN PHÚ THIỆN",44
497,"THÀNH PHỐ PLEIKU",44
498,"HUYỆN ĐĂK ĐOA",44
499,"HUYỆN ĐĂK PƠ",44
500,"HUYỆN IA GRAI",44
501,"HUYỆN ĐỨC CƠ",44
502,"HUYỆN CHƯ SÊ",44
503,"HUYỆN KBANG",44
504,"HUYỆN KÔNG CHRO",44
505,"HUYỆN MANG YANG",44
506,"HUYỆN CHƯ PĂH",44
507,"HUYỆN IA PA",44
508,"HUYỆN CHƯ PƯH",44
509,"THỊ XÃ AN KHÊ",44
510,"THỊ XÃ AYUN PA",44
511,"HUYỆN KRÔNG BÚK",45
512,"HUYỆN KRÔNG NĂNG",45
513,"THỊ XÃ BUÔN HỒ",45
514,"HUYỆN EA KAR",45
515,"THÀNH PHỐ BUÔN MA THUỘT",45
516,"HUYỆN KRÔNG A NA",45
517,"HUYỆN LẮK",45
518,"HUYỆN CƯ M'GAR",45
519,"HUYỆN BUÔN ĐÔN",45
520,"HUYỆN EA SÚP",45
521,"HUYỆN KRÔNG BÔNG",45
522,"HUYỆN M'ĐRẮK",45
523,"HUYỆN EA H'LEO",45
524,"HUYỆN CƯ KUIN",45
525,"HUYỆN KRÔNG PẮK",45
526,"HUYỆN LẠC DƯƠNG",46
527,"HUYỆN BẢO LÂM",46
528,"HUYỆN CÁT TIÊN",46
529,"HUYỆN DI LINH",46
530,"HUYỆN ĐẠ HUOAI",46
531,"HUYỆN LÂM HÀ",46
532,"THÀNH PHỐ ĐÀ LẠT",46
533,"HUYỆN ĐẠ TẺH",46
534,"HUYỆN ĐAM RÔNG",46
535,"THỊ XÃ BẢO LỘC",46
536,"HUYỆN ĐƠN DƯƠNG",46
537,"HUYỆN ĐỨC TRỌNG",46
219,"HUYỆN BẮC HÀ",20
220,"HUYỆN SI MA CAI",20
221,"HUYỆN BẢO YÊN",20
222,"HUYỆN BẢO THẮNG",20
223,"HUYỆN CHỢ MỚI",21
224,"HUYỆN CHỢ ĐỒN",21
225,"HUYỆN NGÂN SƠN",21
226,"THỊ XÃ BẮC KẠN",21
227,"HUYỆN NA RÌ",21
228,"HUYỆN BẠCH THÔNG",21
229,"HUYỆN BA BỂ",21
230,"HUYỆN PẮC NẶM",21
231,"HUYỆN VĂN QUAN",22
232,"HUYỆN HỮU LŨNG",22
233,"HUYỆN CHI LĂNG",22
234,"HUYỆN BẮC SƠN",22
235,"HUYỆN VĂN LÃNG",22
236,"HUYỆN LỘC BÌNH",22
237,"HUYỆN CAO LỘC",22
238,"HUYỆN ĐÌNH LẬP",22
239,"HUYỆN BÌNH GIA",22
240,"THÀNH PHỐ LẠNG SƠN",22
241,"HUYỆN TRÀNG ĐỊNH",22
242,"THỊ XÃ TUYÊN QUANG",23
243,"HUYỆN YÊN SƠN",23
244,"HUYỆN SƠN DƯƠNG",23
245,"HUYỆN CHIÊM HÓA",23
246,"HUYỆN NÀ HANG",23
247,"HUYỆN LÂM BÌNH",23
248,"HUYỆN HÀM YÊN",23
249,"HUYỆN VĂN CHẤN",24
250,"HUYỆN VĂN YÊN",24
251,"HUYỆN YÊN BÌNH",24
252,"HUYỆN TRẠM TẤU",24
253,"HUYỆN LỤC YÊN",24
254,"THỊ XÃ NGHĨA LỘ",24
255,"HUYỆN MÙ CĂNG CHẢI",24
256,"HUYỆN TRẤN YÊN",24
257,"THÀNH PHỐ YÊN BÁI",24
258,"HUYỆN PHỔ YÊN",25
259,"HUYỆN PHÚ LƯƠNG ",25
260,"HUYỆN VÕ NHAI",25
261,"THÀNH PHỐ THÁI NGUYÊN",25
262,"HUYỆN PHÚ BÌNH",25
263,"HUYỆN ĐỒNG HỶ",25
264," HUYỆN ĐẠI TỪ",25
265,"HUYỆN ĐỊNH HÓA",25
266,"THỊ XÃ SÔNG CÔNG",25
267,"THI XÃ PHÚ THỌ",26
268,"HUYỆN THANH BA",26
269,"THÀNH PHỐ VIỆT TRÌ",26
270,"HUYỆN ĐOAN HÙNG",26
271,"HUYỆN THANH THỦY",26
272,"HUYỆN THANH SƠN",26
273,"HUYỆN TÂN SƠN",26
274,"HUYỆN YÊN LẬP",26
275,"HUYỆN CẨM KHÊ",26
276,"HUYỆN TAM NÔNG",26
277,"HUYỆN LÂM THAO",26
278,"HUYỆN HẠ HÒA",26
279,"HUYỆN PHÙ NINH",26
280,"THÀNH PHỐ BẮC GIANG",27
281,"HUYỆN HIỆP HÒA",27
282,"HUYỆN VIỆT YÊN",27
283,"HUYỆN YÊN THẾ",27
284,"HUYỆN LỤC NGẠN",27
285,"HUYỆN LẠNG GIANG",27
286,"HUYỆN TÂN YÊN",27
287,"HUYỆN LỤC NAM",27
288,"HUYỆN SƠN ĐỘNG",27
289,"HUYỆN YÊN DŨNG",27
290,"HUYỆN TIÊN YÊN",28
291,"THỊ XÃ UÔNG BÍ",28
292,"THỊ XÃ QUẢNG YÊN",28
293,"HUYỆN ĐÔNG TRIỀU",28
294,"HUYỆN BA CHẼ",28
295,"HUYỆN BÌNH LIÊU",28
296,"HUYỆN ĐẦM HÀ",28
297,"HUYỆN VÂN ĐỒN",28
298,"THỊ XÃ CẨM PHẢ",28
299,"HUYỆN CÔ TÔ",28
300,"THỊ XÃ MÓNG CÁI",28
301,"HUYỆN HẢI HÀ",28
302,"THÀNH PHỐ HẠ LONG",28
303,"HUYỆN HOÀNH BỒ",28
304,"HUYỆN TAM ĐƯỜNG",29
305,"HUYỆN PHONG THỔ",29
306,"HUYỆN SÌN HỒ",29
307,"HUYỆN THAN UYÊN",29
308,"HUYỆN MƯỜNG TÈ",29
309,"HUYỆN TÂN UYÊN",29
310,"HUYỆN NẬM NHÙN",29
311,"THỊ XÃ LAI CHÂU",29
312,"HUYỆN QUỲNH NHAI",30
313,"HUYỆN MƯỜNG LA",30
314,"HUYỆN SÔNG MÃ",30
315,"THỊ XÃ SƠN LA",30
316,"HUYỆN MAI SƠN",30
317,"HUYỆN PHÙ YÊN",30
318,"HUYỆN THUẬN CHÂU",30
319,"HUYỆN MỘC CHÂU",30
320,"HUYỆN YÊN CHÂU",30
321,"HUYỆN VÂN HỒ",30
322,"HUYỆN BẮC YÊN",30
323,"HUYỆN SỐP CỘP",30
324,"HUYỆN KỲ SƠN",31
325,"HUYỆN LẠC THỦY",31
326,"HUYỆN KIM BÔI",31
327,"HUYỆN TÂN LẠC",31
328,"HUYỆN LƯƠNG SƠN",31
329,"HUYỆN YÊN THỦY",31
330,"HUYỆN CAO PHONG",31
331,"HUYỆN ĐÀ BẮC",31
332,"HUYỆN LẠC SƠN",31
333,"THỊ XÃ HÒA BÌNH",31
334,"HUYỆN MAI CHÂU",31
335,"HUYỆN NGỌC LẶC",32
336,"HUYỆN HOẰNG HÓA",32
337,"HUYỆN QUAN SƠN",32
338,"HUYỆN THẠCH THÀNH",32
339,"HUYỆN QUẢNG XƯƠNG",32
340,"HUYỆN NGA SƠN",32
341,"HUYỆN ĐÔNG SƠN",32
342,"HUYỆN VĨNH LỘC",32
343,"HUYỆN LANG CHÁNH",32
344,"THÀNH PHỐ THANH HÓA",32
345,"HUYỆN TRIỆU SƠN",32
346,"HUYỆN NÔNG CỐNG",32
347,"HUYỆN TĨNH GIA",32
348,"HUYỆN THƯỜNG XUÂN",32
349,"HUYỆN NHƯ XUÂN",32
350,"HUYỆN HẬU LỘC",32
351,"HUYỆN NHƯ THANH",32
352,"HUYỆN HÀ TRUNG",32
353,"HUYỆN MƯỜNG LÁT",32
354,"HUYỆN CẨM THỦY",32
355,"HUYỆN QUAN HÓA",32
356,"HUYỆN BÁ THƯỚC",32
357,"HUYỆN YÊN ĐỊNH",32
358,"HUYỆN THỌ XUÂN",32
359,"THỊ XÃ BỈM SƠN",32
360,"HUYỆN THIỆU HÓA",32
361,"THỊ XÃ SẦM SƠN",32
362,"HUYỆN ANH SƠN",33
363,"HUYỆN CON CUÔNG",33
364,"HUYỆN HƯNG NGUYÊN",33
365,"THỊ XÃ THÁI HÒA",33
366,"HUYỆN QUỲ CHÂU",33
367,"THỊ XÃ CỬA LÒ",33
368,"HUYỆN TƯƠNG DƯƠNG",33
369,"HUYỆN QUẾ PHONG",33
370,"HUYỆN TÂN KỲ",33
371,"HUYỆN DIỄN CHÂU",33
372,"HUYỆN KỲ SƠN",33
373,"THÀNH PHỐ VINH",33
374,"HUYỆN ĐÔ LƯƠNG",33
375,"HUYỆN NGHI LỘC",33
376,"HUYỆN YÊN THÀNH",33
377,"HUYỆN QUỲNH LƯU",33
378,"HUYỆN NAM ĐÀN",33
379,"HUYỆN NGHĨA ĐÀN",33
380,"THỊ XÃ HOÀNG MAI",33
381,"HUYỆN THANH CHƯƠNG",33
382,"HUYỆN QUỲ HỢP",33
383,"HUYỆN VŨ QUANG",34
384,"HUYỆN ĐỨC THỌ",34
385,"HUYỆN CAN LỘC",34
386,"HUYỆN LỘC HÀ",34
387,"HUYỆN NGHI XUÂN",34
388,"HUYỆN HƯƠNG SƠN",34
389,"HUYỆN HƯƠNG KHÊ",34
390,"HUYỆN CẨM XUYÊN",34
391,"THÀNH PHỐ HÀ TĨNH",34
392,"HUYỆN THẠCH HÀ",34
393,"THỊ XÃ KỲ ANH",34
394,"HUYỆN KỲ ANH",34
395,"THỊ XÃ HỒNG LĨNH",34
396,"HUYỆN LỆ THỦY",35
397,"HUYỆN TUYÊN HÓA",35
398,"THÀNH PHỐ ĐỒNG HỚI",35
399,"HUYỆN QUẢNG TRẠCH",35
400,"HUYỆN MINH HÓA",35
401,"HUYỆN QUẢNG NINH",35
402,"HUYỆN BỐ TRẠCH",35
403,"THỊ XÃ BA ĐỒN",35
404,"HUYỆN TRIỆU PHONG",36
405,"THÀNH PHỐ ĐÔNG HÀ",36
406,"HUYỆN HƯỚNG HÓA",36
407,"THỊ XÃ QUẢNG TRỊ",36
408,"HUYỆN CAM LỘ",36
409,"HUYỆN CỒN CỎ",36
410,"HUYỆN ĐA KRÔNG",36
411,"HUYỆN HẢI LĂNG",36
412,"HUYỆN VĨNH LINH",36
413,"HUYỆN GIO LINH",36
414,"HUYỆN PHÚ VANG",37
415,"HUYỆN PHÚ LỘC",37
416,"THỊ XÃ HƯƠNG THỦY",37
417,"HUYỆN A LƯỚI",37
418,"HUYỆN PHONG ĐIỀN",37
419,"HUYỆN QUẢNG ĐIỀN",37
420,"HUYỆN NAM ĐÔNG",37
421,"HUYỆN HƯƠNG TRÀ",37
422,"THÀNH PHỐ HUẾ",37
423,"HUYỆN PHÚ NINH",38
424,"HUYỆN PHƯỚC SƠN",38
425,"HUYỆN ĐẠI LỘC",38
426,"HUYỆN NAM GIANG",38
427,"HUYỆN THĂNG BÌNH",38
428,"THÀNH PHỐ TAM KỲ",38
429,"HUYỆN ĐÔNG GIANG",38
430,"HUYỆN BẮC TRÀ MY",38
431,"HUYỆN TÂY GIANG",38
1,"QUẬN HOÀN KIẾM",1
2,"HUYỆN BA VÌ",1
3,"HUYỆN HOÀI ĐỨC",1
4,"QUẬN HOÀNG MAI",1
5,"HUYỆN THẠCH THẤT",1
6,"HUYỆN CHƯƠNG MỸ",1
7,"HUYỆN SÓC SƠN",1
8,"HUYỆN GIA LÂM",1
9,"QUẬN HAI BÀ TRƯNG",1
10,"QUẬN TÂY HỒ",1
11,"HUYỆN MÊ LINH",1
12,"HUYỆN THANH TRÌ",1
13,"HUYỆN ỨNG HÒA",1
14,"QUẬN CẦU GIẤY",1
15,"HUYỆN PHÚC THỌ",1
16,"HUYỆN THANH OAI",1
17,"HUYỆN MỸ ĐỨC",1
18,"THỊ XÃ SƠN TÂY",1
19,"HUYỆN ĐAN PHƯỢNG",1
20,"QUẬN LONG BIÊN",1
21,"HUYỆN QUỐC OAI",1
22,"QUẬN BA ĐÌNH",1
23,"QUẬN THANH XUÂN",1
24,"QUẬN ĐỐNG ĐA",1
25,"QUẬN NAM TỪ LIÊM",1
26,"QUẬN BẮC TỪ LIÊM",1
27,"HUYỆN PHÚ XUYÊN",1
28,"HUYỆN ĐÔNG ANH",1
29,"HUYỆN TỪ LIÊM",1
30,"QUẬN HÀ ĐÔNG",1
31,"HUYỆN THƯỜNG TÍN",1
32,"QUẬN 6",2
33,"QUẬN 5",2
34,"QUẬN 3",2
35,"QUẬN TÂN BÌNH",2
36,"HUYỆN CỦ CHI",2
37,"HUYỆN NHÀ BÈ",2
38,"QUẬN 10",2
39,"QUẬN 7",2
40,"QUẬN 12",2
41,"QUẬN 9",2
42,"HUYỆN CẦN GIỜ",2
43,"QUẬN 1",2
44,"QUẬN GÒ VẤP",2
45,"QUẬN 11",2
46,"QUẬN BÌNH TÂN",2
47,"QUẬN 8",2
48,"QUẬN 4",2
49,"HUYỆN BÌNH CHÁNH",2
50,"QUẬN THỦ ĐỨC",2
51,"QUẬN BÌNH THẠNH",2
52,"QUẬN PHÚ NHUẬN",2
53,"QUẬN 2",2
54,"QUẬN TÂN PHÚ",2
55,"HUYỆN HÓC MÔN",2
56,"QUẬN HỒNG BÀNG",3
57,"QUẬN ĐỒ SƠN",3
58,"QUẬN LÊ CHÂN",3
59,"HUYỆN AN DƯƠNG",3
60,"HUYỆN ĐẢO BẠCH LONG VĨ",3
61,"HUYỆN KIẾN THỤY",3
62,"QUẬN DƯƠNG KINH",3
63,"HUYỆN AN LÃO",3
64,"HUYỆN VĨNH BẢO",3
65,"QUẬN KIẾN AN",3
66,"HUYỆN ĐẢO CÁT HẢI",3
67,"HUYỆN THỦY NGUYÊN",3
68,"QUẬN NGÔ QUYỀN",3
69,"HUYỆN TIÊN LÃNG",3
70,"QUẬN HẢI AN",3
71,"QUẬN CẨM LỆ",4
72,"QUẬN THANH KHÊ",4
73,"QUẬN NGŨ HÀNH SƠN",4
74,"QUẬN HẢI CHÂU",4
75,"QUẬN SƠN TRÀ",4
76,"QUẬN LIÊN CHIỂU",4
77,"HUYỆN HOÀNG SA",4
78,"HUYỆN ĐIỆN BÀN",4
79,"HUYỆN HÒA VANG",4
80,"QUẬN Ô MÔN",5
81,"HUYỆN THỚI LAI",5
82,"QUẬN NINH KIỀU",5
83,"QUẬN THỐT NỐT",5
84,"HUYỆN PHỤNG HIỆP",5
85,"HUYỆN VĨNH THẠNH",5
86,"HUYỆN CHÂU THÀNH A",5
87,"HUYỆN PHONG ĐIỀN",5
88,"THỊ XÃ NGÃ BẢY",5
89,"QUẬN CÁI RĂNG",5
90,"HUYỆN CỜ ĐỎ",5
91,"QUẬN BÌNH THỦY",5
92,"HUYỆN TÂN PHÚ ĐÔNG",6
93,"HUYỆN CHỢ GẠO",6
94,"HUYỆN GÒ CÔNG TÂY",6
95,"HUYỆN CÁI BÈ",6
96,"HUYỆN GÒ CÔNG ĐÔNG",6
97,"HUYỆN CHÂU THÀNH",6
98,"HUYỆN TÂN PHƯỚC",6
99,"THỊ XÃ GÒ CÔNG",6
100,"HUYỆN CAI LẬY",6
101,"THÀNH PHỐ MỸ THO",6
102,"TP. VỊ THANH",8
103,"HUYỆN CHÂU THÀNH A",8
104,"HUYỆN LONG MỸ",8
105,"HUYỆN CHÂU THÀNH ",8
106,"HUYỆN VỊ THỦY",8
107,"THỊ XÃ NGÃ BẢY",8
108,"HUYỆN PHỤNG HIỆP",8
109,"THỊ XÃ LONG MỸ",8
110,"HUYỆN ĐẮK GLONG",9
538,"HUYỆN BÁC ÁI",47
539,"HUYỆN NINH PHƯỚC",47
540,"HUYỆN NINH SƠN",47
541,"HUYỆN THUẬN NAM",47
542,"HUYỆN NINH HẢI",47
543,"HUYỆN THUẬN BẮC",47
544,"TP.PHAN RANG - THÁP CHÀM",47
545,"HUYỆN BÙ ĐỐP",48
546,"HUYỆN LỘC NINH",48
547,"THỊ XÃ ĐỒNG XOÀI",48
548,"HUYỆN ĐỒNG PHÚ",48
549,"HUYỆN HỚN QUẢN",48
550,"THỊ XÃ BÌNH LONG",48
551,"HUYỆN CHƠN THÀNH",48
552,"HUYỆN BÙ ĐĂNG",48
553,"THỊ XÃ PHƯỚC LONG",48
554,"HUYỆN PHÚ RIỀNG",48
555,"HUYỆN BÙ GIA MẬP",48
556,"HUYỆN TÂN CHÂU",49
557,"HUYỆN CHÂU THÀNH",49
558,"THỊ XÃ TÂY NINH",49
559,"HUYỆN TÂN BIÊN",49
560,"HUYỆN GÒ DẦU",49
561,"HUYỆN TRẢNG BÀNG",49
562,"HUYỆN DƯƠNG MINH CHÂU",49
563,"HUYỆN BẾN CẦU",49
564,"HUYỆN HÒA THÀNH",49
565,"THỊ XÃ TÂN UYÊN",50
566,"THỊ XÃ DĨ AN",50
567,"THỊ XÃ BẾN CÁT",50
568,"HUYỆN BÀU BÀNG",50
569,"HUYỆN BẮC TÂN UYÊN",50
570,"THỊ XÃ THUẬN AN",50
571,"HUYỆN PHÚ GIÁO",50
572,"HUYỆN DẦU TIẾNG",50
573,"THỊ XÃ THỦ DẦU MỘT",50
574,"HUYỆN TRẢNG BOM",51
575,"HUYỆN TÂN PHÚ",51
576,"HUYỆN THỐNG NHẤT",51
577,"HUYỆN VĨNH CỬU",51
578,"HUYỆN NHƠN TRẠCH",51
579,"THÀNH PHỐ BIÊN HÒA",51
580,"HUYỆN CẨM MỸ",51
581,"HUYỆN XUÂN LỘC",51
582,"HUYỆN ĐỊNH QUÁN",51
583,"HUYỆN LONG THÀNH",51
584,"THỊ XÃ LONG KHÁNH",51
585,"HUYỆN HÀM THUẬN BẮC",52
586,"HUYỆN PHÚ QUÝ",52
587,"HUYỆN TUY PHONG",52
588,"HUYỆN TÁNH LINH",52
589,"HUYỆN ĐỨC LINH",52
590,"THỊ XÃ LA GI",52
591,"HUYỆN HÀM TÂN",52
592,"HUYỆN HÀM THUẬN NAM",52
593,"HUYỆN BẮC BÌNH",52
594,"THÀNH PHỐ PHAN THIẾT",52
595,"THỊ XÃ BÀ RỊA",53
596,"HUYỆN TÂN THÀNH",53
597,"HUYỆN XUYÊN MỘC",53
598,"HUYỆN CHÂU ĐỨC",53
599,"THÀNH PHỐ VŨNG TÀU",53
600,"HUYỆN ĐẤT ĐỎ",53
601,"HUYỆN LONG THÀNH",53
602,"HUYỆN CÔN ĐẢO",53
603,"HUYỆN LONG ĐIỀN",53
604,"HUYỆN TÂN TRỤ",54
605,"HUYỆN ĐỨC HUỆ",54
606,"HUYỆN CẦN GUỘC",54
607,"HUYỆN CẦN ĐƯỚC",54
608,"HUYỆN TÂN HƯNG",54
609,"HUYỆN CHÂU THÀNH",54
610,"HUYỆN BẾN LỨC",54
611,"HUYỆN TÂN THẠNH",54
612,"HUYỆN THẠNH HÓA",54
613,"HUYỆN MỘC HÓA",54
614,"HUYỆN ĐỨC HÒA",54
615,"HUYỆN VĨNH HƯNG",54
616,"THỊ XÃ TÂN AN",54
617,"HUYỆN THỦ THỪA",54
618,"THỊ XÃ KIẾN TƯỜNG",54
619,"HUYỆN TÂN HỒNG",55
620,"HUYỆN LẤP VÒ",55
621,"THÀNH PHỐ CAO LÃNH",55
622,"HUYỆN LAI VUNG",55
623,"HUYỆN CHÂU THÀNH",55
624,"HUYỆN HỒNG NGỰ",55
625,"HUYỆN CAO LÃNH",55
626,"THỊ XÃ SA ĐÉC",55
627,"HUYỆN THÁP MƯỜI",55
628,"THỊ XÃ HỒNG NGỰ",55
629,"HUYỆN THANH BÌNH",55
630,"HUYỆN TAM NÔNG",55
631,"THỊ XÃ CHÂU ĐỐC",56
632,"HUYỆN PHÚ TÂN",56
633,"THÀNH PHỐ LONG XUYÊN",56
634,"HUYỆN AN PHÚ",56
635,"HUYỆN CHỢ MỚI",56
636,"HUYỆN CHÂU PHÚ",56
637,"THỊ XÃ TÂN CHÂU",56
638,"HUYỆN TỊNH BIÊN",56
639,"HUYỆN TRI TÔN",56
640,"HUYỆN CHÂU THÀNH",56
641,"HUYỆN THOẠI SƠN",56
642,"HUYỆN BÌNH MINH",57
643,"HUYỆN LONG HỒ",57
644,"HUYỆN BÌNH TÂN",57
645,"HUYỆN VŨNG LIÊM",57
646,"HUYỆN TAM BÌNH",57
647,"THÀNH PHỐ VĨNH LONG",57
648,"HUYỆN TRÀ ÔN",57
649,"HUYỆN MANG THÍT",57
650,"HUYỆN BA TRI",58
651,"HUYỆN CHỢ LÁCH",58
652,"HUYỆN BÌNH ĐẠI",58
653,"HUYỆN MỎ CÀY NAM",58
654,"HUYỆN MỎ CÀY BẮC",58
655,"HUYỆN THẠNH PHÚ",58
656,"HUYỆN GIỒNG TRÔM",58
657,"HUYỆN CHÂU THÀNH",58
658,"THÀNH PHỐ BẾN TRE",58
659,"HUYỆN AN BIÊN",59
660,"HUYỆN GIỒNG RIỀNG",59
661,"HUYỆN U MINH THƯỢNG",59
662,"HUYỆN KIÊN LƯƠNG",59
663,"HUYỆN CHÂU THÀNH",59
664,"HUYỆN HÒN ĐẤT",59
665,"HUYÊN GIANG THÀNH",59
666,"HUYỆN VĨNH THUẬN",59
667,"THÀNH PHỐ RẠCH GIÁ",59
668,"HUYỆN TÂN HIỆP",59
669,"HUYỆN PHÚ QUỐC",59
670,"HUYỆN GÒ QUAO",59
671,"THỊ XÃ HÀ TIÊN",59
672,"HUYỆN KIÊN HẢI",59
673,"HUYỆN AN MINH",59
674,"HUYỆN TRÀ CÚ",60
675,"HUYỆN DUYÊN HẢI",60
676,"HUYỆN CẦU KÈ",60
677,"HUYỆN CÀNG LONG",60
678,"HUYỆN CHÂU THÀNH",60
679,"HUYỆN CẦU NGANG",60
680,"THỊ XÃ TRÀ VINH",60
681,"HUYỆN TIỂU CẦN",60
682,"HUYỆN LONG PHÚ",61
683,"HUYỆN THẠNH TRỊ",61
684,"HUYỆN CHÂU THÀNH",61
685,"HUYỆN NGÃ NĂM",61
686,"HUYỆN KẾ SÁCH",61
687,"HUYỆN CÙ LAO DUNG",61
688,"HUYỆN TRẦN ĐỀ",61
689,"THÀNH PHỐ SÓC TRĂNG",61
690,"HUYỆN MỸ XUYÊN",61
691,"HUYỆN MỸ TÚ",61
692,"HUYỆN VĨNH CHÂU",61
693,"HUYỆN HÒA BÌNH",62
694,"HUYỆN ĐÔNG HẢI",62
695,"THỊ XÃ BẠC LIÊU",62
696,"HUYỆN GIÁ RAI",62
697,"HUYỆN VĨNH LỢI",62
698,"HUYỆN HỒNG DÂN",62
699,"HUYỆN PHƯỚC LONG",62
700,"HUYỆN CÁI NƯỚC",63
701,"HUYỆN NĂM CĂN",63
702,"HUYỆN ĐẦM DƠI",63
703,"HUYỆN NGỌC HIỂN",63
704,"HUYỆN U MINH",63
705,"HUYỆN TRẦN VĂN THỜI",63
706,"HUYỆN PHÚ TÂN",63
707,"THÀNH PHỐ CÀ MAU",63
708,"HUYỆN THỚI BÌNH",63
709,"THÀNH PHỐ ĐIỆN BIÊN PHỦ",64
710,"HUYỆN ĐIỆN BIÊN",64
711,"HUYỆN ĐIỆN BIÊN ĐÔNG",64
712,"THỊ XÃ MƯỜNG LAY",64
713,"HUYỆN MƯỜNG NHÉ",64
714,"HUYỆN MƯỜNG ÁNG",64
715,"HUYỆN NẬM PỒ",64
716,"HUYỆN MƯỜNG CHÀ",64
717,"HUYỆN TỦA CHÙA",64
718,"HUYỆN TUẦN GIÁO",64
